frequency_hz,Warm_Tube_Subtle_actual_db,Warm_Tube_Subtle_tone_only_db,Warm_Tube_Reference_actual_db,Warm_Tube_Reference_tone_only_db,Warm_Tube_Rich_actual_db,Warm_Tube_Rich_tone_only_db
20.0,-1.19708592586664,0.8029140741333586,-1.694008215658125,1.3059917843418754,-2.0932482759951068,1.9067517240048941
20.34926805495214,-1.197014456596668,0.8029855434033322,-1.6938577245610684,1.3061422754389325,-2.0930727413178,1.9069272586822008
20.70463551861478,-1.1969426937155236,0.8030573062844779,-1.6937062481290353,1.3062937518709656,-2.092895469587343,1.9071045304126581
21.066208907418744,-1.196870784610903,0.803129215389098,-1.6935540571957124,1.3064459428042876,-2.0927167155268505,1.90728328447315
21.43409659793422,-1.1967988930440325,0.8032011069559666,-1.6934014534933333,1.3065985465066685,-2.0925367650200926,1.9074632349799072
21.808408859355055,-1.1967272004169955,0.803272799583006,-1.6932487722574872,1.3067512277425117,-2.092355937669272,1.907644062330729
22.18925788655044,-1.1966559069739764,0.8033440930260247,-1.6930963848372624,1.306903615162737,-2.0921745899475925,1.9078254100524061
22.57675783369378,-1.1965852336996485,0.8034147663003528,-1.6929447018517414,1.3070552981482586,-2.0919931179603073,1.908006882039694
22.971024848478763,-1.1965154237625608,0.8034845762374392,-1.6927941759763523,1.3072058240236495,-2.0918119608670764,1.9081880391329222
23.372177106933034,-1.196446744385243,0.803553255614759,-1.6926453055231878,1.3073546944768133,-2.0916316042080494,1.9083683957919506
23.7803348488398,-1.196379488528929,0.8036205114710719,-1.6924986380675764,1.307501361932424,-2.091452583776716,1.9085474162232834
24.19562041377803,-1.1963139772199307,0.8036860227800704,-1.6923547741489362,1.3076452258510673,-2.0912754897033032,1.908724510296698
24.618158277792052,-1.196250561361543,0.8037494386384568,-1.6922143712717774,1.3077856287282241,-2.091100970592807,1.9088990294071937
25.048075090701467,-1.1961896244023813,0.8038103755976194,-1.6920781487764676,1.3079218512235329,-2.0909297382487018,1.9090702617513
25.485499714062673,-1.196131584605188,0.8038684153948129,-1.6919468917816038,1.3080531082183966,-2.0907625726738663,1.9092374273261332
25.930563259793367,-1.1960768974935512,0.8039231025064476,-1.6918214567164216,1.308178543283578,-2.0906003270235356,1.9093996729764613
26.383399129471435,-1.1960260592711012,0.803973940728897,-1.6917027764537005,1.3082972235462984,-2.090443933721041,1.9095560662789617
26.844143054320256,-1.1959796090043093,0.8040203909956927,-1.6915918658095457,1.308408134190454,-2.0902944100063,1.909705589993701
27.312933135892223,-1.1959381326142802,0.8040618673857224,-1.6914898278686823,1.3085101721313146,-2.09015286481455,1.9098471351854485
27.789909887462752,-1.1959022657476512,0.8040977342523482,-1.6913978599465354,1.308602140053463,-2.0900205051895453,1.9099794948104554
28.275216276147216,-1.1958726975990888,0.8041273024009126,-1.691317260868077,1.3086827391319231,-2.0898986439323854,1.910101356067613
28.768997765753262,-1.1958501746695769,0.804149825330423,-1.6912494375394473,1.3087505624605553,-2.089788707132442,1.9102112928675568
29.2714023603816,-1.1958355050785403,0.8041644949214592,-1.6911959132155576,1.3088040867844413,-2.0896922427794316,1.9103077572205693
29.782580648788194,-1.195829562611381,0.8041704373886198,-1.69115833503624,1.3088416649637613,-2.089610929097014,1.9103890709029852
30.302685849521062,-1.195833291565536,0.804166708434463,-1.6911384827773879,1.3088615172226128,-2.0895465843646486,1.9104534156353528
30.83187385684546,-1.1958477115196242,0.804152288480374,-1.6911382778203503,1.3088617221796484,-2.089501176649558,1.9104988233504436
31.37030328747096,-1.19587392243747,0.8041260775625291,-1.6911597926461561,1.308840207353845,-2.0894768342873613,1.9105231657126407
31.918135528094624,-1.1959131102710991,0.8040868897289015,-1.6912052605709538,1.3087947394290467,-2.089475857177438,1.9105241428225581
32.47553478377444,-1.1959665525403447,0.8040334474596534,-1.6912770865615587,1.3087229134384413,-2.089500728537173,1.9104992714628277
33.04266812714741,-1.1960356245459893,0.8039643754540111,-1.691377857843107,1.3086221421568949,-2.089554127395682,1.9104458726043185
33.61970554850728,-1.1961218056053395,0.8038781943946606,-1.6915103555765378,1.3084896444234637,-2.0896389416704135,1.9103610583295874
34.206820006756814,-1.1962266857958317,0.8037733142041686,-1.691677566794564,1.3083224332054357,-2.0897582822238197,1.910241717776179
34.804187481249706,-1.1963519730506698,0.8036480269493308,-1.6918826967939786,1.3081173032060227,-2.089915497411256,1.9100845025887458
35.411987024537986,-1.1964995002703058,0.8035004997296947,-1.6921291820119153,1.3078708179880842,-2.090114188230882,1.9098858117691175
36.03040081604052,-1.1966712330989364,0.8033287669010613,-1.6924207035868197,1.3075792964131803,-2.09035822474883,1.9096417752511679
36.65961421664872,-1.1968692779786059,0.8031307220213952,-1.6927612007540076,1.3072387992459902,-2.090651762552348,1.9093482374476527
37.29981582428595,-1.197095890065333,0.8029041099346658,-1.6931548853951208,1.3068451146048778,-2.0909992606121937,1.9090007393878063
37.951197530437014,-1.1973534822121803,0.8026465177878193,-1.6936062561607357,1.3063937438392648,-2.091405499330135,1.9085945006698621
38.613954577665,-1.1976446332805881,0.802355366719411,-1.6941201132908712,1.3058798867091281,-2.091875599559799,1.9081244004402
39.288285618132555,-1.1979720974969141,0.8020279025030862,-1.694701573347444,1.3052984266525571,-2.0924150422956536,1.9075849577043473
39.97439277314502,-1.198338813510633,0.801661186489365,-1.6953560841413597,1.304643915858641,-2.093029688979524,1.906970311020477
40.672481693733474,-1.198747913743499,0.801252086256502,-1.6960894394379533,1.3039105605620454,-2.093725801961727,1.9062741980382731
41.38276162229581,-1.1992027339610665,0.800797266038935,-1.6969077935471308,1.3030922064528674,-2.094510066132774,1.9054899338672249
42.10544545531415,-1.1997068225440197,0.8002931774559834,-1.6978176754200927,1.302182324579907,-2.0953896103240783,1.9046103896759226
42.84074980716769,-1.200263950074247,0.7997360499257529,-1.6988260021103505,1.3011739978896497,-2.0963720290916217,1.903627970908379
43.58889507505972,-1.2008781185299071,0.7991218814700917,-1.6999400915718548,1.300059908428146,-2.097465404901595,1.9025345950984052
44.350105505078645,-1.2015535702689613,0.7984464297310405,-1.7011676741732076,1.2988323258267918,-2.098678329818412,1.90132167018159
45.124609259412686,-1.2022947967471214,0.7977052032528763,-1.7025169027680185,1.2974830972319817,-2.100019927099964,1.8999800729000358
45.912638484738196,-1.203106546413983,0.7968934535860177,-1.7039963612417495,1.2960036387582508,-2.101499872184182,1.898500127815819
46.714429381802454,-1.2039938323065866,0.7960061676934121,-1.7056150706992856,1.2943849293007128,-2.103128412873845,1.8968715871261561
47.53022227622151,-1.204961938374417,0.795038061625586,-1.7073824930201744,1.292617506979826,-2.1049163883700692,1.8950836116299286
48.36026169051442,-1.206016424912938,0.7939835750870637,-1.7093085316818026,1.290691468318195,-2.106875246713265,1.893124753286735
49.204796417395535,-1.2071631325652834,0.792836867434717,-1.7114035286611287,1.2885964713388718,-2.109017060181654,1.8909829398183469
50.064079594346516,-1.2084081846372123,0.7915918153627882,-1.713678257456455,1.2863217425435467,-2.1113545383809638,1.8886454616190351
50.93836877949081,-1.2097579876327391,0.7902420123672603,-1.7161439108981127,1.283856089101887,-2.113901038212789,1.8860989617872086
51.82792602879318,-1.2112192293355182,0.7887807706644818,-1.718812084231218,1.281187915768781,-2.116670570008149,1.8833294299918522
52.73301797460717,-1.2127988743758773,0.7872011256241229,-1.7216947510163962,1.2783052489836042,-2.1196777998114644,1.8803222001885334
53.65391590559452,-1.214504156891636,0.7854958431083643,-1.7248042331731726,1.2751957668268283,-2.1229380459324365,1.8770619540675615
54.590895848040155,-1.2163425692824865,0.7836574307175137,-1.7281531622499393,1.27184683775006,-2.1264672701555645,1.8735327298444362
55.54423864858711,-1.2183218477172721,0.7816781522827281,-1.731754432990559,1.2682455670094401,-2.130282061865583,1.8697179381344184
56.51423005841657,-1.2204499527013364,0.7795500472986617,-1.735621146848487,1.2643788531515106,-2.134399614206383,1.8656003857936188
57.50116081889761,-1.2227350450580179,0.7772649549419813,-1.7397665455821596,1.2602334544178397,-2.138837691875965,1.8611623081240338
58.505326748732905,-1.2251854564170397,0.7748145435829621,-1.7442039338955393,1.2557960661044578,-2.1436145885166966,1.8563854114833056
59.527028832626364,-1.227809653956902,0.772190346043099,-1.748946589881271,1.2510534101187263,-2.1487490733248613,1.8512509266751391
60.56657331149892,-1.2306161983950084,0.7693838016049904,-1.7540076632737311,1.2459923367262697,-2.154260325322553,1.8457396746774457
61.62427177428008,-1.2336136953707932,0.7663863046292075,-1.7594000604669422,1.2405999395330587,-2.160167854023302,1.8398321459766982
62.700441251302315,-1.2368107392796277,0.7631892607203733,-1.7651363159334208,1.2348636840665794,-2.1664914056469993,1.833508594353004
63.795404309326436,-1.2402158493735547,0.7597841506264457,-1.7712284499402107,1.2287715500597898,-2.17325085317932,1.82674914682068
64.90948914822663,-1.2438373976321684,0.7561626023678312,-1.7776878121020219,1.2223121878979755,-2.1804660697910196,1.8195339302089804
66.04302969936352,-1.2476835281039156,0.7523164718960826,-1.7845249114222055,1.2154750885777972,-2.1881567839279716,1.8118432160720288
67.19636572567563,-1.251762067981665,0.7482379320183336,-1.7917492331649,1.2082507668350997,-2.1963424155146116,1.8036575844853864
68.36984292351859,-1.2560804298460915,0.7439195701539068,-1.7993690432223155,1.2006309567776834,-2.2050418928776487,1.794958107122351
69.56381302628262,-1.2606455054398746,0.7393544945601248,-1.8073911817214807,1.1926088182785168,-2.2142734491818556,1.785726550818142
70.7786339098198,-1.265463551655347,0.7345364483446549,-1.8158208471411863,1.1841791528588133,-2.2240543989393227,1.7759456010606756
72.01466969971241,-1.2705400688019772,0.7294599311980223,-1.8246613733676882,1.1753386266323136,-2.234400894544036,1.7655991054559634
73.27229088041433,-1.2758796725847585,0.7241203274152432,-1.8339140025683587,1.1660859974316395,-2.245327663279135,1.754672336720867
74.55187440629881,-1.2814859602740483,0.7185140397259521,-1.843577656618431,1.1564223433815721,-2.256847726419727,1.743152273580273
75.853803814645,-1.2873613731217364,0.7126386268782642,-1.8536487115135059,1.1463512884864955,-2.268972101825752,1.731027898174248
77.17846934059807,-1.2935070564193878,0.7064929435806128,-1.8641207782421743,1.135879221757827,-2.281709492310651,1.7182905076893473
78.52626803413676,-1.2999227194011942,0.7000772805988036,-1.8749844955230683,1.1250155044769352,-2.2950659632822843,1.7049340367177148
79.89760387908342,-1.30660649737213,0.6933935026278708,-1.8862273389118442,1.113772661088155,-2.3090446126805024,1.6909553873194967
81.2928879141926,-1.313554818671458,0.68644518132854,-1.8978334518636975,1.102166548136305,-2.323645238435204,1.6763547615647965
82.71253835635422,-1.3207622795303509,0.6792377204696498,-1.9097835041931446,1.0902164958068559,-2.338864007937396,1.6611359920626023
84.15698072594806,-1.3282215299948743,0.6717784700051248,-1.9220545834928684,1.0779454165071298,-2.354693135846638,1.6453068641533624
85.62664797438788,-1.3359231741369546,0.6640768258630434,-1.9346201246581052,1.0653798753418962,-2.3711205765441994,1.628879423455799
87.12198061389218,-1.3438556880358958,0.6561443119641021,-1.947449882709974,1.0525501172900293,-2.3881297382067346,1.6118702617932634
88.64342684952172,-1.3520053588396639,0.6479946411603345,-1.9605099535313601,1.0394900464686407,-2.4056992260751207,1.5943007739248785
90.19144271352295,-1.3603562482001397,0.6396437517998583,-1.9737628458625038,1.026237154137495,-2.4238026223530422,1.5761973776469582
91.7664922020169,-1.3688901830814069,0.6311098169185942,-1.9871676079566107,1.0128323920433893,-2.4424083106729406,1.5575916893270583
93.36904741407585,-1.377586776523445,0.6224132234765554,-2.000680010385608,0.9993199896143936,-2.4614793523540612,1.5385206476459379
94.99958869322826,-1.386423480459713,0.6135765195402848,-2.0142527857106414,0.9857472142893592,-2.480973421671355,1.5190265783286496
96.65860477143505,-1.395375672310477,0.6046243276895235,-2.027835924437266,0.9721640755627358,-2.5008428063992922,1.4991571936007078
98.34659291558037,-1.4044167759044468,0.5955832240955518,-2.0413770251526553,0.9586229748473472,-2.521034478880419,1.478965521119583
100.0640590765201,-1.4135184171077242,0.5864815828922744,-2.0548216955802103,0.9451783044197892,-2.5414902419069643,1.458509758093036
101.81151804073365,-1.4226506130190952,0.5773493869809022,-2.068113999900931,0.931886000099067,-2.562146951812958,1.437853048187041
103.58949358462426,-1.4317819933873497,0.5682180066126512,-2.0811969466435896,0.9188030533564067,-2.582936819893858,1.417063180106144
105.39851863151314,-1.440880051578585,0.559119948421414,-2.0940130102659125,0.905986989734086,-2.603787791152553,1.3962122088474498
107.23913541137635,-1.4499114218847993,0.5500885781152003,-2.1065046790968864,0.893495320903114,-2.624623997713801,1.3753760022862005
109.11189562337042,-1.4588421790836412,0.541157820916358,-2.118615021494996,0.8813849785050039,-2.6453662821827484,1.3546337178172485
111.01736060119612,-1.4676381557691514,0.5323618442308492,-2.1302882619991563,0.869711738000844,-2.665932784461233,1.3340672155387665
112.95610148135117,-1.4762652722864102,0.5237347277135871,-2.1414703592660222,0.858529640733981,-2.6862395839235846,1.3137604160764151
114.92869937431949,-1.4846898740200625,0.5153101259799346,-2.1521095779747585,0.8478904220252436,-2.7062013873080075,1.2937986126919945
116.9357455387518,-1.4928790706036414,0.5071209293963587,-2.162157047263632,0.8378429527363693,-2.7257322516912854,1.274267748308715
118.97784155868663,-1.5008010716702023,0.49919892832979823,-2.1715672992650763,0.8284327007349207,-2.7447463310093765,1.255253668990623
121.055599523867,-1.5084255140997156,0.4915744859002861,-2.180298782114596,0.8197012178854034,-2.7631586343449657,1.2368413656550357
123.16964221320535,-1.5157237761659763,0.48427622383402547,-2.188314342750532,0.8116856572494678,-2.780885784189324,1.219114215810676
125.32060328145313,-1.5226692743490475,0.47733072565095225,-2.1955816760852835,0.8044183239147152,-2.7978467633411483,1.202153236658849
127.50912744913015,-1.529237739501916,0.47076226049808156,-2.202073737863027,0.7979262621369736,-2.8139636400041312,1.1860363599958716
129.73587069577016,-1.5354074695847801,0.46459253041521903,-2.2077691196589817,0.7922308803410196,-2.829162261811813,1.1708377381881878
132.00150045654192,-1.5411595570191055,0.4588404429808941,-2.2126523848109274,0.7873476151890723,-2.843372911061576,1.156627088938422
134.30669582230286,-1.5464780893459749,0.453521910654025,-2.216714364934314,0.7832856350656863,-2.856530915011871,1.1434690849881306
136.65214774314813,-1.551350322681519,0.44864967731847977,-2.2199524166528075,0.78004758334719,-2.868577206935457,1.1314227930645435
139.0385592355121,-1.5557668278428127,0.44423317215718805,-2.222370637921337,0.7776293620786644,-2.8794588356554973,1.1205411643445031
141.4666455928888,-1.5597216097309055,0.44027839026909477,-2.2239800433173404,0.7760199566826597,-2.889129422617693,1.1108705773823075
143.93713460023045,-1.5632122005659708,0.4367877994340261,-2.2247986964833224,0.7752013035166787,-2.897549567633391,1.1024504323666071
146.4507667520907,-1.5662397281062987,0.4337602718937033,-2.2248517973845767,0.7751482026154243,-2.9046872053863524,1.0953127946136456
149.00829547457835,-1.5688089594531385,0.43119104054686164,-2.2241717204641414,0.7758282795358595,-2.910517916208242,1.0894820837917567
151.61048735118524,-1.570928321737624,0.4290716782623767,-2.2227979988372475,0.7772020011627516,-2.915025194917698,1.084974805082301
154.25812235255987,-1.5726098996128788,0.4273901003871199,-2.220777247949782,0.7792227520502155,-2.9182006823036,1.0817993176963974
156.95199407029216,-1.5738694102115183,0.4261305897884807,-2.218163021250602,0.7818369787493978,-2.920044363001013,1.0799556369989856
159.69290995478175,-1.5747261548339218,0.4252738451660775,-2.215015588874582,0.7849844111254206,-2.9205647338226037,1.0794352661773943
162.4816915572595,-1.5752029465839286,0.4247970534160684,-2.2114016301063097,0.7885983698936888,-2.9197789445940643,1.0802210554059362
165.31917477603628,-1.5753260125658914,0.4246739874341093,-2.2073938298430202,0.7926061701569775,-2.9177129130399155,1.0822870869600822
168.20621010705213,-1.575124868524251,0.4248751314757487,-2.203070369742222,0.796929630257778,-2.9144014127094273,1.0855985872905711
171.14366289880007,-1.5746321635680594,0.42536783643194076,-2.1985143061418637,0.8014856938581328,-2.9098881313980263,1.090111868601977
174.13241361170256,-1.573883492389084,0.4261165076109155,-2.1938128288575327,0.8061871711424666,-2.9042256949266267,1.0957743050733704
177.17335808201648,-1.5729171718805224,0.4270828281194777,-2.1890563978998228,0.8109436021001784,-2.8974756486506386,1.102524351349363
180.26740779034878,-1.571773979658368,0.42822602034163315,-2.184337759393911,0.8156622406060875,-2.889708386917503,1.110291613082499
183.41549013485863,-1.5704968519043807,0.42950314809561857,-2.1797508468972953,0.8202491531027065,-2.8810030178659347,1.118996982134063
186.6185487092333,-1.5691305390843615,0.43086946091563744,-2.175389579785889,0.8246104202141112,-2.8714471495289047,1.1285528504710944
189.87754358551663,-1.5677212186061276,0.43227878139387355,-2.17134657667497,0.8286534233250304,-2.8611365811646134,1.1388634188353854
193.19345160187666,-1.5663160649807986,0.43368393501919905,-2.1677118079712563,0.8322881920287444,-2.8501748831381883,1.149825116861811
196.56726665540063,-1.564962779892499,0.43503722010749946,-2.1645712177499514,0.8354287822500477,-2.838672848656386,1.1613271513436154
200.00000000000003,-1.5637090856824498,0.4362909143175473,-2.162005350111803,0.8379946498881984,-2.8267478017018477,1.173252198298151
203.49268054952128,-1.5626021885968455,0.43739781140315426,-2.1600880193967393,0.8399119806032604,-2.8145227479030197,1.185477252096982
207.0463551861476,-1.561688219353918,0.43831178064608256,-2.1588850655770604,0.8411149344229417,-2.802125358756789,1.1978746412432086
210.66208907418743,-1.561011661207938,0.4389883387920623,-2.158453236536816,0.8415467634631814,-2.7896867847724742,1.2103132152275267
214.34096597934231,-1.5606147769986143,0.43938522300138527,-2.15883923677537,0.8411607632246301,-2.777340299733215,1.2226597002667878
218.08408859355055,-1.5605370484155476,0.43946295158445103,-2.1600789776190625,0.8399210223809359,-2.765219785824005,1.2347802141759958
221.8925788655044,-1.5608146415654522,0.4391853584345456,-2.162197057295815,0.8378029427041832,-2.7534580783845253,1.2465419216154754
225.7675783369377,-1.5614799134546673,0.4385200865453327,-2.165206490845838,0.8347935091541632,-2.7421851980653855,1.2578148019346138
229.71024848478763,-1.562560973495836,0.43743902650416233,-2.16910869968134,0.8308913003186631,-2.7315265076215707,1.26847349237843
233.7217710693302,-1.5640813135581932,0.435918686441807,-2.173893760333527,0.8261062396664719,-2.7216008391212245,1.2783991608787726
237.803348488398,-1.566059518065148,0.4339404819348516,-2.1795409010488034,0.820459098951198,-2.712518644518121,1.287481355481879
241.95620413778028,-1.5685090635474122,0.4314909364525873,-2.186019225055629,0.8139807749443756,-2.704380227857532,1.295619772142472
246.1815827779204,-1.57143821402249,0.42856178597750866,-2.193288630841513,0.8067113691584876,-2.697274119838895,1.3027258801611028
250.48075090701465,-1.5748500155195555,0.4251499844804444,-2.201300893169051,0.7986991068309479,-2.6912756546078906,1.308724345392109
254.85499714062672,-1.5787423892783836,0.4212576107216168,-2.2100008640114623,0.7899991359885357,-2.6864458048230455,1.3135541951769516
259.3056325979338,-1.583108320083679,0.41689167991631915,-2.2193277506154963,0.7806722493845013,-2.6828303231355077,1.3171696768644914
263.8339912947144,-1.587936132499752,0.4120638675002453,-2.2292164281323203,0.7707835718676783,-2.680459227666845,1.3195407723331543
268.44143054320244,-1.5932098452677403,0.40679015473225977,-2.2395987465368647,0.7604012534631372,-2.679346655824207,1.3206533441757924
273.12933135892195,-1.5989095913108762,0.40109040868912155,-2.2504047958342515,0.7495952041657481,-2.6794910956614744,1.3205089043385245
277.8990988746275,-1.6050120896625433,0.394987910337456,-2.261564098529352,0.7384359014706455,-2.68087598829214,1.3191240117078549
282.75216276147233,-1.6114911541255998,0.38850884587439843,-2.273006704984399,0.7269932950156035,-2.683470679626999,1.3165293203730024
287.6899776575326,-1.6183182234688065,0.3816817765311942,-2.2846641733191673,0.7153358266808342,-2.687231685399767,1.3127683146002334
292.714023603816,-1.625462898326483,0.37453710167351606,-2.2964704223175008,0.7035295776824966,-2.6921042220768343,1.3078957779231661
297.8258064878818,-1.632893470986108,0.36710652901389307,-2.3083624515707886,0.6916375484292138,-2.698023947106459,1.301976052893543
303.02685849521066,-1.6405774356437641,0.3594225643562354,-2.320280928441654,0.6797190715583477,-2.7049188467830803,1.295081153216918
308.3187385684544,-1.648481968681264,0.3515180313187363,-2.332170646030744,0.6678293539692549,-2.71271120783507,1.287288792164933
313.7030328747096,-1.6565743705152016,0.3434256294847992,-2.3439808596871425,0.6560191403128586,-2.7213196102227846,1.2786803897772139
319.18135528094626,-1.6648224627325239,0.33517753726747973,-2.355665512291434,0.6443344877085673,-2.7306608826328493,1.2693391173671498
324.75534783774424,-1.6731949363085443,0.32680506369145645,-2.3671833602823833,0.6328166397176159,-2.740651968645108,1.2593480313548924
330.4266812714741,-1.681661648800815,0.31833835119918363,-2.3784980132874,0.6215019867126014,-2.751211659583076,1.2487883404169218
336.1970554850728,-1.6901938700617338,0.3098061299382673,-2.3895779004359716,0.61042209956403,-2.7622621587852043,1.2377378412147952
342.0682000675683,-1.6987644776825537,0.3012355223174443,-2.400396176193182,0.5996038238068149,-2.773730451373568,1.226269548626434
348.04187481249704,-1.707348104533879,0.2926518954661219,-2.410930577815438,0.5890694221845599,-2.7855494624972783,1.2144505375027221
354.1198702453797,-1.7159212418103613,0.28407875818963735,-2.421163245485649,0.5788367545143516,-2.797658994945302,1.2023410050546972
360.3040081604048,-1.724462301609376,0.2755376983906238,-2.431080515062735,0.568919484937265,-2.810006444458064,1.1899935555419354
366.5961421664872,-1.7329516435798544,0.2670483564201428,-2.4406726919516815,0.5593273080483184,-2.8225472968072607,1.177452703192738
372.9981582428597,-1.7413715703413657,0.2586284296586345,-2.449933813392555,0.5500661866074428,-2.8352454155165763,1.1647545844834237
379.51197530437014,-1.7497062963637813,0.2502937036362186,-2.4588614051460125,0.5411385948539891,-2.8480731327394104,1.1519268672605896
386.13954577665,-1.7579418949869257,0.2420581050130764,-2.4674562372230917,0.5325437627769087,-2.861011158183845,1.1389888418161553
392.8828561813254,-1.766066227808213,0.23393377219178915,-2.4757220823668997,0.5242779176331015,-2.87404832284059,1.1259516771594105
399.7439277314502,-1.774068860549403,0.22593113945059623,-2.483665479858996,0.5163345201410029,-2.8871811751384007,1.1128188248616002
406.72481693733454,-1.7819409689731938,0.2180590310268074,-2.491295506391242,0.5087044936087591,-2.9004134477354198,1.0995865522645811
413.82761622295806,-1.789675238036243,0.21032476196375816,-2.4986235550165024,0.5013764449834971,-2.913755413358717,1.0862445866412846
421.05445455314145,-1.7972657571149697,0.20273424288503028,-2.5056631225966846,0.4943368774033146,-2.9272231481025672,1.0727768518974325
428.4074980716767,-1.8047079135972393,0.19529208640275925,-2.5124296056121045,0.4875703943878946,-2.9408377205830454,1.059162279416954
435.8889507505972,-1.8119982868621098,0.18800171313788955,-2.5189401039300523,0.48105989606994964,-2.954624325310178,1.0453756746898244
443.5010550507864,-1.8191345442340725,0.18086545576592755,-2.525213231732609,0.47478676826739236,-2.968611378533753,1.0313886214662469
451.2460925941271,-1.8261153401558348,0.17388465984416376,-2.531268934795223,0.468731065204775,-2.9828295948053323,1.0171704051946706
459.126384847382,-1.8329402195739455,0.1670597804260562,-2.5371283130413573,0.4628716869586448,-2.997311062333326,1.0026889376666714
467.1442938180243,-1.8396095262649126,0.1603904737350878,-2.5428134474976045,0.4571865525023961,-3.012088334952619,0.9879116650473817
475.3022227622146,-1.8461243165404082,0.15387568345959407,-2.5483472306213923,0.4516527693786063,-3.027193558122109,0.9728064418778936
483.6026169051442,-1.8524862786904175,0.14751372130958382,-2.553753199312558,0.44624680068744266,-3.042657645541177,0.957342354458821
492.04796417395556,-1.858697658287822,0.14130234171217787,-2.559055369903249,0.44094463009675017,-3.058509521900744,0.9414904780992571
500.64079594346515,-1.864761189360093,0.13523881063990656,-2.564278074747419,0.4357219252525819,-3.0747754458149066,0.9252245541850966
509.3836877949081,-1.870680031381995,0.12931996861800665,-2.569445800256638,0.4305541997433632,-3.0914784250291594,0.9085215749708407
518.2792602879315,-1.876457711893604,0.12354228810639578,-2.5745830264248584,0.42541697357514086,-3.1086377336844744,0.8913622663155251
527.3301797460717,-1.882098074580632,0.11790192541936938,-2.5797140682339874,0.4202859317660135,-3.1262685387834117,0.8737314612165892
536.539159055945,-1.8876052324743273,0.11239476752567172,-2.5848629195627,0.4151370804372996,-3.1443816400217672,0.8556183599782314
545.9089584804016,-1.8929835260743628,0.10701647392563705,-2.590053100462471,0.40994689953752766,-3.1629833240803995,0.8370166759196042
555.4423864858711,-1.8982374860230424,0.10176251397695946,-2.5953075089534767,0.40469249104652494,-3.182075331329541,0.8179246686704613
565.1423005841655,-1.9033718000624489,0.09662819993755123,-2.6006482786177587,0.3993517213822401,-3.201654929863986,0.7983450701360139
575.0116081889761,-1.9083912839135972,0.09160871608640118,-2.606096643508807,0.3939033564911926,-3.2217150890112753,0.7782849109887234
585.053267487329,-1.9133008558199416,0.08669914418005754,-2.6116728119441355,0.38832718805586564,-3.242244742005699,0.7577552579943012
595.2702883262639,-1.9181055144140238,0.08189448558597395,-2.6173958508358397,0.38260414916416174,-3.263229125574687,0.7367708744253125
605.6657331149892,-1.9228103196416557,0.07718968035834312,-2.623283582204736,0.3767164177952642,-3.284650182744362,0.7153498172556384
616.2427177428006,-1.927420376468566,0.0725796235314321,-2.629352493422071,0.3706475065779263,-3.306487014293505,0.6935129857064942
627.0044125130225,-1.9319408210972102,0.06805917890278972,-2.6356176626670558,0.36438233733294717,-3.328716364039101,0.6712836359608989
637.9540430932644,-1.9363768094756237,0.06362319052437487,-2.642092700782697,0.3579072992173011,-3.351313123342771,0.6486868766572312
649.0948914822666,-1.9407335078548211,0.0592664921451794,-2.6487897106058265,0.3512102893941768,-3.3742508410506296,0.6257491589493701
660.4302969936352,-1.945016085200007,0.05498391479999176,-2.655719264424169,0.34428073557582883,-3.397502226169611,0.602497773830389
671.9636572567563,-1.9492297072610523,0.05077029273894884,-2.662890399994911,0.3371096000050875,-3.4210396321259235,0.5789603678740778
683.6984292351856,-1.9533795321305516,0.04662046786944679,-2.6703106351395594,0.3296893648604411,-3.4448355131224746,0.5551644868775253
695.6381302628262,-1.9574707071204016,0.042529292879599015,-2.677986000612754,0.32201399938724645,-3.468862844956011,0.5311371550439911
707.7863390981977,-1.9615083668290194,0.0384916331709793,-2.6859210905687796,0.31407890943121936,-3.4930955044878145,0.5069044955121861
720.1466969971241,-1.9654976322514397,0.03450236774855965,-2.694119129613093,0.305880870386908,-3.5175086037724945,0.48249139622750653
732.7229088041433,-1.969443610815568,0.03055638918443281,-2.7025820551148634,0.29741794488513695,-3.5420787765441366,0.45792122345586106
745.5187440629877,-1.973351397244766,0.02664860275523121,-2.711310613185388,0.28868938681461165,-3.5667844162157962,0.4332155837842022
758.53803814645,-1.9772260751413837,0.022773924858614368,-2.720304466497794,0.27969553350220666,-3.5916058659140138,0.408394134085986
771.7846934059808,-1.9810727191901354,0.018927280809861377,-2.7295623119484063,0.2704376880515926,-3.6165255621149806,0.38347443788502056
785.262680341368,-1.984896397925642,0.015103602074356712,-2.7390820060463303,0.26091799395366777,-3.6415281342950983,0.35847186570490247
798.9760387908342,-1.9887021769674331,0.011297823032567399,-2.748860695868455,0.2511393041315447,-3.6666004636533027,0.33339953634669955
812.9288791419257,-1.992495122657093,0.007504877342906434,-2.7588949533892237,0.2411050466107727,-3.691731704394642,0.3082682956053602
827.1253835635413,-1.996280306045867,0.0037196939541319154,-2.769180911069516,0.23081908893048458,-3.716913271260541,0.28308672873946183
841.5698072594806,-2.000062807153485,-6.28071534847445e-05,-2.7797143966820252,0.22028560331797858,-3.7421387971137476,0.25786120288625447
856.2664797438792,-2.0038477194641384,-0.0038477194641361977,-2.7904910654657216,0.20950893453428227,-3.76740406430796,0.23259593569204037
871.2198061389217,-2.007640154580476,-0.007640154580476347,-2.8015065279049205,0.19849347209507995,-3.7927069133930646,0.2072930866069367
886.4342684952172,-2.0114452470041178,-0.011445247004116194,-2.812756471592373,0.18724352840762656,-3.8180471325138883,0.1819528674861139
901.9144271352291,-2.015268158975995,-0.015268158975993741,-2.8242367758384503,0.17576322416155177,-3.843426330513152,0.15657366948684592
917.6649220201691,-2.019114085328417,-0.019114085328417563,-2.8359436179334647,0.1640563820665385,-3.8688477964622194,0.13115220353778334
933.690474140758,-2.0229882582908676,-0.02298825829086869,-2.847873570128515,0.1521264298714824,-3.8943163479783394,0.10568365202165866
949.9958869322826,-2.0268959522000296,-0.026895952200026944,-2.860023686648115,0.1399763133518871,-3.9198381703634855,0.08016182963651708
966.5860477143506,-2.0308424880329365,-0.030842488032935027,-2.872391580177033,0.1276084198229686,-3.9454206482688967,0.05457935173110337
983.4659291558033,-2.0348332377247065,-0.03483323772470704,-2.8849754874798395,0.11502451252015977,-3.9710721913086733,0.028927808691325253
1000.640590765201,-2.038873628174546,-0.03887362817454427,-2.897774323903344,0.10222567609665659,-3.9968020547746668,0.003197945225335039
1018.1151804073364,-2.0429691448672997,-0.04296914486730219,-2.91078772664866,0.08921227335133973,-4.022620156396812,-0.022620156396811752
1035.8949358462426,-2.047125335037849,-0.04712533503784762,-2.9240160867751808,0.07598391322481966,-4.048536889939757,-0.04853688993975672
1053.9851863151314,-2.0513478102514418,-0.05134781025144083,-2.9374605699340623,0.06253943006593603,-4.074562936285376,-0.07456293628537494
1072.3913541137636,-2.0556422483220556,-0.05564224832205403,-2.9511231258883512,0.04887687411164806,-4.100709072631907,-0.10070907263190942
1091.118956233703,-2.0600143944191323,-0.060014394419133074,-2.9650064868257453,0.03499351317425564,-4.126985980401063,-0.12698598040106607
1110.1736060119613,-2.0644700612474063,-0.06447006124740755,-2.9791141544790283,0.020885845520972578,-4.153404052536266,-0.1534040525362648
1129.5610148135117,-2.069015128129531,-0.06901512812953013,-2.993450375987408,0.006549624012592874,-4.1799732009672095,-0.17997320096720784
1149.286993743195,-2.0736555388344207,-0.07365553883442091,-3.008020108365411,-0.008020108365413649,-4.206702665194243,-0.20670266519424363
1169.357455387518,-2.078397297944295,-0.07839729794429538,-3.022828971344968,-0.022828971344969372,-4.233600823164279,-0.23360082316427772
1189.7784155868665,-2.083246465558917,-0.08324646555891585,-3.037883188242186,-0.037883188242188545,-4.260675005887458,-0.26067500588745657
1210.55599523867,-2.0882091500892015,-0.08820915008919902,-3.053189514372035,-0.053189514372033286,-4.287931317523109,-0.28793131752310774
1231.6964221320522,-2.0932914988782407,-0.09329149887823991,-3.0687551524029515,-0.06875515240295352,-4.315374463013037,-0.3153744630130359
1253.2060328145315,-2.0984996863521115,-0.09849968635211169,-3.084587653894651,-0.08458765389465123,-4.343007585670721,-0.34300758567072065
1275.0912744913014,-2.103839899381494,-0.10383989938149404,-3.10069480612603,-0.10069480612603106,-4.3708321174544515,-0.3708321174544501
1297.3587069577018,-2.1093183194880267,-0.10931831948802728,-3.1170845031820864,-0.11708450318208566,-4.3988476449569305,-0.39884764495693037
1320.0150045654193,-2.114941101513988,-0.11494110151398847,-3.133764600149574,-0.13376460014957134,-4.42705179437235,-0.4270517943723492
1343.0669582230285,-2.1207143483225006,-0.12071434832250107,-3.150742749158508,-0.15074274915850597,-4.455440138838112,-0.4554401388381129
1366.5214774314813,-2.1266440810749083,-0.12664408107490724,-3.168026215940665,-0.16802621594066514,-4.484006131566164,-0.4840061315661653
1390.3855923551212,-2.1327362045861933,-0.13273620458619534,-3.185621675548465,-0.18562167554846526,-4.512741068023139,-0.5127410680231383
1414.666455928888,-2.1389964672381763,-0.13899646723817435,-3.2035349858844886,-0.2035349858844898,-4.54163408006983,-0.54163408006983
1439.371346002303,-2.1454304148972128,-0.14543041489721212,-3.2217709377988712,-0.22177093779887075,-4.570672164384385,-0.5706721643843886
1464.5076675209068,-2.152043338253799,-0.15204333825379887,-3.2403329806864614,-0.24033298068646325,-4.599840246673562,-0.5998402466735638
1490.0829547457836,-2.158840213004303,-0.1588402130043043,-3.259222922801665,-0.25922292280166453,-4.629121282042131,-0.6291212820421306
1516.1048735118525,-2.1658256322706855,-0.16582563227068614,-3.2784406059303812,-0.27844060593037867,-4.658496390557171,-0.6584963905571692
1542.5812235255987,-2.173003730675945,-0.1730037306759446,-3.2979835546328324,-0.29798355463283177,-4.687945025400517,-0.6879450254005169
1569.5199407029215,-2.1803780995241975,-0.18037809952419745,-3.3178466010271253,-0.3178466010271236,-4.717445169206764,-0.7174451692067639
1596.9290995478175,-2.1879516925721583,-0.1879516925721583,-3.3380214870335223,-0.3380214870335242,-4.746973552245498,-0.7469735522454956
1624.8169155725934,-2.195726721976566,-0.19572672197656504,-3.358496447201744,-0.35849644720174184,-4.776505884135338,-0.7765058841353384
1653.1917477603627,-2.2037045441043044,-0.20370454410430688,-3.37925577665752,-0.3792557766575217,-4.806017088917026,-0.8060170889170251
1682.0621010705213,-2.2118855350592255,-0.2118855350592242,-3.4002793904098443,-0.40027939040984495,-4.835481531662655,-0.8354815316626562
1711.4366289880006,-2.220268955976656,-0.22026895597665547,-3.4215423821852085,-0.4215423821852081,-4.864873223577749,-0.8648732235777489
1741.3241361170255,-2.2288528084113346,-0.22885280841133362,-3.443014593135163,-0.4430145931351653,-4.894165991842332,-0.8941659918423315
1771.733580820165,-2.2376336804638344,-0.237633680463834,-3.464660203126693,-0.4646602031266945,-4.9233336004462664,-0.9233336004462656
1802.6740779034878,-2.246606584691691,-0.24660658469168914,-3.486437359800462,-0.48643735980046315,-4.952349809099842,-0.9523498090998405
1834.1549013485865,-2.2557647893310024,-0.25576478933100166,-3.5082978630792367,-0.508297863079237,-4.981188359006595,-0.9811883590065957
1866.185487092333,-2.2650996449042684,-0.2650996449042682,-3.5301869251725804,-0.5301869251725808,-5.009822876963403,-1.0098228769634034
1898.7754358551642,-2.2746004089333622,-0.2746004089333628,-3.5520430281604094,-0.5520430281604084,-5.038226692792226,-1.038226692792227
1931.9345160187668,-2.2842540721841558,-0.28425407218415505,-3.5737979027447904,-0.5737979027447927,-5.0663725695219455,-1.0663725695219461
1965.6726665540064,-2.2940451906558796,-0.29404519065587903,-3.5953766524414013,-0.5953766524413985,-5.094232350768753,-1.0942323507687552
2000.0000000000002,-2.3039557283511227,-0.3039557283511203,-3.6166980470825365,-0.6166980470825366,-5.121776535296153,-1.1217765352961533
2034.9268054952129,-2.3139649167236125,-0.3139649167236122,-3.637675007713784,-0.6376750077137823,-5.148973794423739,-1.1489737944237375
2070.463551861476,-2.324049137535154,-0.32404913753515313,-3.6582153015384637,-0.6582153015384626,-5.175790453578667,-1.175790453578665
2106.6208907418745,-2.3341818366393783,-0.3341818366393765,-3.6782224602729596,-0.6782224602729602,-5.202189964458902,-1.202189964458902
2143.409659793421,-2.3443334768657835,-0.3443334768657831,-3.6975969280436844,-0.6975969280436847,-5.228132398738757,-1.2281323987387587
2180.8408859355054,-2.3544715386542894,-0.35447153865429065,-3.7162374357995627,-0.7162374357995627,-5.253573997639647,-1.2535739976396476
2218.925788655044,-2.364560577286978,-0.3645605772869787,-3.734042588373121,-0.7340425883731203,-5.27846681375105,-1.2784668137510495
2257.675783369377,-2.3745623454185925,-0.37456234541859307,-3.7509126382317164,-0.7509126382317145,-5.302758481949312,-1.302758481949312
2297.1024848478764,-2.3844359890058784,-0.3844359890058785,-3.76675140726126,-0.7667514072612602,-5.326392154929187,-1.3263921549291866
2337.2177106933023,-2.3941383236319913,-0.39413832363199197,-3.781468305496917,-0.781468305496918,-5.3493066355828915,-1.3493066355828895
2378.0334848839802,-2.403624196526118,-0.4036241965261161,-3.7949803845511214,-0.7949803845511199,-5.371436733174184,-1.3714367331741832
2419.562041377803,-2.41284693726646,-0.4128469372664587,-3.8072143546697745,-0.807214354669775,-5.392713862958088,-1.3927138629580893
2461.815827779204,-2.4217588972342434,-0.42175889723424315,-3.8181084889150414,-0.8181084889150404,-5.4130668997354086,-1.4130668997354072
2504.807509070147,-2.430312074392472,-0.4303120743924716,-3.8276143367825526,-0.8276143367825567,-5.432423285031302,-1.4324232850313021
2548.549971406267,-2.4384588160169827,-0.4384588160169814,-3.835698173179678,-0.835698173179677,-5.4507103755361115,-1.4507103755361126
2593.0563259793353,-2.446152587771604,-0.4461525877716036,-3.8423421172850034,-0.8423421172850045,-5.467857007666303,-1.4678570076662996
2638.3399129471436,-2.4533487932185194,-0.45334879321852006,-3.847544869057637,-0.8475448690576359,-5.48379524023442,-1.483795240234419
2684.4143054320243,-2.460005623768328,-0.46000562376832754,-3.8513220283021483,-0.8513220283021478,-5.498462225048167,-1.4984622250481667
2731.2933135892195,-2.466084915515294,-0.46608491551529474,-3.8537059809981926,-0.8537059809981938,-5.511802144594558,-1.5118021445945573
2778.9909887462754,-2.4715529866810506,-0.47155298668105056,-3.8547453585948457,-0.8547453585948448,-5.523768147689342,-1.523768147689342
2827.5216276147203,-2.476381427810073,-0.4763814278100722,-3.8545040964979824,-0.8545040964979824,-5.534324208824531,-1.5343242088245264
2876.8997765753265,-2.4805478166567,-0.4805478166567007,-3.8530601364750745,-0.8530601364750707,-5.543446835588764,-1.5434468355887643
2927.14023603816,-2.4840363310311946,-0.4840363310311954,-3.8505038328026195,-0.8505038328026217,-5.551126551338784,-1.5511265513387875
2978.258064878818,-2.4868382357667613,-0.4868382357667608,-3.846936132710472,-0.8469361327104731,-5.557369087367646,-1.5573690873676458
3030.2685849521063,-2.4889522243480853,-0.48895222434808844,-3.842466607506418,-0.8424666075064208,-5.5621962298852115,-1.562196229885212
3083.187385684544,-2.490384601366248,-0.49038460136624873,-3.8372114116445575,-0.8372114116445555,-5.56564628161026,-1.565646281610257
3137.030328747096,-2.491149298514889,-0.49114929851488787,-3.831291243335986,-0.8312912433359858,-5.567774114743908,-1.5677741147439084
3191.813552809462,-2.491267723869905,-0.4912677238699038,-3.824829372829353,-0.8248293728293532,-5.568650810419966,-1.5686508104199661
3247.5534783774424,-2.4907684512409483,-0.49076845124094737,-3.8179497941870415,-0.8179497941870418,-5.568362898130314,-1.5683628981303115
3304.266812714741,-2.489686762953009,-0.4896867629530086,-3.8107755443375413,-0.8107755443375385,-5.567011225836993,-1.56701122583699
3361.9705548507277,-2.488064065092167,-0.4880640650921668,-3.8034272204365216,-0.8034272204365224,-5.564709506366184,-1.5647095063661887
3420.68200067568,-2.4859471986730743,-0.4859471986730727,-3.796021714066476,-0.7960217140664743,-5.561582597329023,-1.5615825973290252
3480.4187481249705,-2.4833876731382825,-0.4833876731382835,-3.78867116929895,-0.7886711692989514,-5.557764579640901,-1.5577645796409012
3541.1987024537966,-2.4804408499749746,-0.4804408499749746,-3.7814821616667467,-0.7814821616667469,-5.553396703475707,-1.5533967034757072
3603.0400816040483,-2.477165104066658,-0.47716510406665774,-3.7745550869728026,-0.7745550869728011,-5.548625270301944,-1.5486252703019432
3665.961421664872,-2.4736209888384306,-0.4736209888384307,-3.767983742711287,-0.7679837427112856,-5.543599515911197,-1.543599515911196
3729.981582428593,-2.469870428534075,-0.4698704285340754,-3.7618550806571367,-0.7618550806571358,-5.538469552704283,-1.53846955270428
3795.119753043701,-2.4659759573828346,-0.46597595738283537,-3.7562491067250607,-0.7562491067250596,-5.533384420727118,-1.5333844207271161
3861.3954577665,-2.4620000212896147,-0.46200002128961276,-3.7512389032706657,-0.751238903270667,-5.528490286879144,-1.5284902868791446
3928.8285618132536,-2.4580043533292035,-0.45800435332920186,-3.746890749318861,-0.7468907493188617,-5.523928821152295,-1.523928821152294
3997.439277314502,-2.454049430020087,-0.45404943002008563,-3.7432643154732963,-0.743264315473295,-5.5198357684177815,-1.519835768417782
4067.2481693733453,-2.450194011336724,-0.4501940113367262,-3.740412912205958,-0.7404129122059578,-5.516339724720547,-1.5163397247205488
4138.276162229581,-2.446494763851725,-0.4464947638517238,-3.7383837726112024,-0.7383837726112001,-5.513561118698659,-1.5135611186986606
4210.544545531415,-2.4430059634062347,-0.44300596340623555,-3.7372183533181405,-0.7372183533181392,-5.511611391861942,-1.5116113918619392
4284.074980716767,-2.4397792713350555,-0.43977927133505623,-3.736952639940246,-0.7369526399402471,-5.510592366151515,-1.5105923661515128
4358.889507505972,-2.436863576530228,-0.43686357653022817,-3.7376174460612654,-0.737617446061266,-5.510595783445627,-1.5105957834456278
4435.0105505078645,-2.434304894487143,-0.43430489448714255,-3.7392386972400162,-0.7392386972400182,-5.511702999359532,-1.5117029993595312
4512.460925941266,-2.4321463138726283,-0.43214631387262786,-3.7418376937942317,-0.7418376937942296,-5.51398481263261,-1.5139848126326054
4591.26384847382,-2.4304279810187484,-0.4304279810187498,-3.745431348171871,-0.74543134817187,-5.517501411382932,-1.5175014113829313
4671.442938180243,-2.429187112989653,-0.42918711298965284,-3.750032394516965,-0.7500323945169642,-5.522302418308826,-1.5223024183088234
4753.022227622147,-2.42845803041354,-0.42845803041354225,-3.755649569588723,-0.7556495695887229,-5.528427018292978,-1.5284270182929751
4836.026169051442,-2.428272202039167,-0.4282722020391645,-3.7622877655047313,-0.7622877655047313,-5.535904153612053,-1.5359041536120563
4920.479641739551,-2.4286582938996633,-0.4286582938996646,-3.769948155862992,-0.7699481558629913,-5.544752773881834,-1.5447527738818334
5006.407959434651,-2.4296422169856227,-0.4296422169856234,-3.7786282976702013,-0.7786282976701991,-5.554982129824982,-1.5549821298249817
5093.836877949081,-2.431247168403144,-0.4312471684031419,-3.7883222121800557,-0.7883222121800564,-5.566592101811204,-1.566592101811207
5182.792602879315,-2.4334936620799716,-0.43349366207997037,-3.7990204482372842,-0.7990204482372859,-5.579573555801805,-1.5795735558018063
5273.301797460717,-2.436399546159299,-0.4363995461592976,-3.8107101320498153,-0.810710132049815,-5.5939087207735305,-1.5939087207735325
5365.3915905594495,-2.4399800052685827,-0.43998000526858194,-3.82337500747659,-0.8233750074765912,-5.609571582871563,-1.6095715828715649
5459.089584804015,-2.4442475468506086,-0.4442475468506085,-3.836995470939772,-0.8369954709397726,-5.626528292440442,-1.626528292440442
5554.423864858711,-2.4492119716901097,-0.4492119716901082,-3.8515486049511853,-0.8515486049511849,-5.644737580722311,-1.6447375807223135
5651.423005841654,-2.4548803296498094,-0.45488032964981134,-3.8670082140011153,-0.8670082140011146,-5.664151183424076,-1.6641511834240745
5750.1160818897615,-2.461256862436774,-0.46125686243677455,-3.8833448661949594,-0.8833448661949594,-5.684714268582379,-1.684714268582379
5850.5326748732905,-2.4683429359437694,-0.4683429359437671,-3.9005259435637707,-0.900525943563772,-5.706365866253023,-1.7063658662530232
5952.702883262633,-2.47613696534253,-0.47613696534252903,-3.918515703425337,-0.9185157034253364,-5.729039297579216,-1.7290392975792166
6056.657331149892,-2.4846343366302377,-0.48463433663023703,-3.9372753525595137,-0.9372753525595136,-5.7526626008095025,-1.7526626008095048
6162.427177428005,-2.493827328738549,-0.4938273287385484,-3.9567631353034285,-0.9567631353034296,-5.777158951905842,-1.777158951905843
6270.044125130225,-2.503705040588921,-0.5037050405889231,-3.976934435998709,-0.9769344359987108,-5.802447077555496,-1.8024470775554993
6379.540430932644,-2.51425332760674,-0.5142533276067405,-3.997741895562546,-0.9977418955625474,-5.828441658727613,-1.8284416587276107
6490.9489148226585,-2.5254547521786552,-0.525454752178656,-4.019135541339731,-1.0191355413397327,-5.855053723430078,-1.8550537234300806
6604.3029699363515,-2.5372885523442394,-0.5372885523442384,-4.041062928858286,-1.0410629288582907,-5.882191028043911,-1.8821910280439118
6719.636572567563,-2.5497306326507347,-0.549730632650734,-4.063469293687779,-1.0634692936877794,-5.909758427547326,-1.9097584275473267
6836.984292351855,-2.5627535805760626,-0.562753580576063,-4.086297711322671,-1.0862977113226724,-5.93765823606879,-1.9376582360687915
6956.381302628261,-2.5763267112466854,-0.5763267112466866,-4.109489262905484,-1.1094892629054836,-5.96579058049579,-1.9657905804957903
7077.863390981977,-2.590416142372092,-0.5904161423720893,-4.132983204691337,-1.132983204691338,-5.9940537512489005,-1.9940537512488992
7201.466969971241,-2.6049849004107712,-0.6049849004107709,-4.156717139447253,-1.156717139447252,-6.022344555734669,-2.022344555734669
7327.229088041433,-2.619993058019613,-0.6199930580196121,-4.180627188480293,-1.180627188480295,-6.050558681312031,-2.0505586813120322
7455.187440629877,-2.6353979018616815,-0.6353979018616815,-4.204648163688072,-1.2046481636880724,-6.078591075730802,-2.0785910757308033
7585.380381464501,-2.651154128915479,-0.6511541289154783,-4.228713739900572,-1.2287137399005708,-6.106336353803793,-2.106336353803791
7717.846934059807,-2.6672140685925907,-0.6672140685925898,-4.252756628795281,-1.2527566287952832,-6.133689239420962,-2.1336892394209634
7852.626803413672,-2.6835279272872863,-0.6835279272872862,-4.27670875676613,-1.2767087567661284,-6.160545051784653,-2.160545051784654
7989.760387908342,-2.700044051499856,-0.7000440514998558,-4.300501450242029,-1.3005014502420296,-6.186800243828183,-2.1868002438281824
8129.288791419257,-2.7167092054320734,-0.7167092054320735,-4.324065633003742,-1.3240656330037448,-6.2123529990979,-2.212352999097902
8271.253835635413,-2.733468858975916,-0.7334688589759157,-4.347332040944752,-1.3473320409447505,-6.237103890892174,-2.2371038908921737
8415.698072594807,-2.7502674823107065,-0.7502674823107053,-4.370231460366904,-1.370231460366904,-6.260956604179789,-2.26095660417979
8562.664797438783,-2.767048843876814,-0.767048843876813,-4.392694996193897,-1.3926949961938968,-6.283818716843987,-2.283818716843988
8712.198061389217,-2.7837563092722233,-0.7837563092722237,-4.414654376331647,-1.414654376331649,-6.305602532274999,-2.305602532274998
8864.342684952173,-2.8003331395652085,-0.8003331395652097,-4.436042297724552,-1.4360422977245495,-6.3262259504896265,-2.326225950489627
9019.14427135229,-2.8167227885564152,-0.8167227885564131,-4.4567928183938665,-1.4567928183938659,-6.345613360086967,-2.345613360086967
9176.64922020169,-2.8328691995674755,-0.8328691995674763,-4.476841797874961,-1.4768417978749635,-6.363696528802601,-2.363696528802599
9336.904741407581,-2.8487171032767695,-0.8487171032767716,-4.496127386013631,-1.4961273860136328,-6.38041546657341,-2.380415466573411
9499.958869322827,-2.8642123188632675,-0.8642123188632675,-4.514590557106295,-1.5145905571062979,-6.3957192322460585,-2.3957192322460577
9665.860477143506,-2.879302061154321,-0.8793020611543217,-4.532175683000136,-1.5321756830001354,-6.409566653684559,-2.40956665368456
9834.659291558033,-2.893935256517315,-0.8939352565173142,-4.548831135184524,-1.548831135184526,-6.421926931311955,-2.4219269313119534
10006.405907651999,-2.9080628698238913,-0.9080628698238925,-4.564509902334401,-1.5645099023343987,-6.432780097199819,-2.4327800971998212
10181.151804073375,-2.921638243918729,-0.9216382439187292,-4.579170206474469,-1.5791702064744677,-6.442117305699728,-2.442117305699726
10358.949358462405,-2.9346174516510546,-0.9346174516510576,-4.592776098203634,-1.592776098203636,-6.449940937144568,-2.449940937144569
10539.851863151314,-2.9469596587313998,-0.946959658731399,-4.605298009529425,-1.6052980095294238,-6.456264503038934,-2.4562645030389336
10723.913541137636,-2.9586274935596846,-0.9586274935596837,-4.616713242053657,-1.6167132420536592,-6.461112348981631,-2.4611123489816316
10911.189562337031,-2.969587417881709,-0.9695874178817088,-4.627006368701939,-1.627006368701939,-6.464519159805871,-2.4645191598058718
11101.736060119623,-2.979810089852549,-0.9798100898525496,-4.636169528988105,-1.6361695289881042,-6.466529279526764,-2.466529279526766
11295.610148135092,-2.9892707090268997,-0.989270709026901,-4.644202600932737,-1.6442026009327377,-6.467195866105495,-2.4671958661054925
11492.86993743195,-2.997949331172788,-0.9979493311727893,-4.651113237076003,-1.6511132370760038,-6.466579907293929,-2.466579907293928
11693.57455387518,-3.00583113981729,-1.0058311398172928,-4.656916757295823,-1.6569167572958243,-6.464749128537673,-2.4647491285376737
11897.784155868663,-3.0129066612440254,-1.0129066612440238,-4.661635897025312,-1.661635897025311,-6.461776826855115,-2.461776826855113
12105.559952386713,-3.01917191037717,-1.019171910377172,-4.665300415561765,-1.6653004155617623,-6.457740665691205,-2.4577406656912055
12316.96422132051,-3.0246284566353503,-1.0246284566353512,-4.66794657505168,-1.66794657505168,-6.452721465031836,-2.4527214650318334
12532.060328145313,-3.0292834013661167,-1.029283401366118,-4.669616506021114,-1.669616506021114,-6.446802018751741,-2.4468020187517423
12750.912744913016,-3.0331492617379032,-1.0331492617379037,-4.670357479652853,-1.6703574796528504,-6.440065967548653,-2.440065967548655
12973.587069577017,-3.036243759757931,-1.0362437597579277,-4.6702211101360485,-1.6702211101360493,-6.43259675124087,-2.432596751240868
13200.150045654205,-3.038589519132497,-1.038589519132496,-4.669262512184444,-1.6692625121844453,-6.424476659053365,-2.4244766590533633
13430.669582230272,-3.0402136766941066,-1.0402136766941075,-4.667539439204787,-1.667539439204786,-6.415785991152169,-2.4157859911521675
13665.214774314813,-3.0411474187939462,-1.0411474187939465,-4.665111426678431,-1.665111426678433,-6.406602339435289,-2.40660233943529
13903.855923551213,-3.041425456137023,-1.041425456137023,-4.662038963267089,-1.6620389632670907,-6.396999990716346,-2.396999990716346
14146.66455928888,-3.0410854528188898,-1.041085452818889,-4.658382709206966,-1.6583827092069643,-6.387049451142085,-2.387049451142085
14393.71346002303,-3.040167426678777,-1.040167426678779,-4.654202777990536,-1.6542027779905362,-6.376817087092572,-2.3768170870925704
14645.076675209055,-3.038713138473124,-1.0387131384731256,-4.649558093435297,-1.649558093435296,-6.366364874982572,-2.3663648749825725
14900.829547457835,-3.0367654868335023,-1.0367654868335037,-4.644505830273759,-1.6445058302737579,-6.355750250314781,-2.3557502503147814
15161.048735118524,-3.0343679246133686,-1.0343679246133677,-4.639100942598253,-1.6391009425982586,-6.345026044989047,-2.3450260449890474
15425.812235255988,-3.0315639102119833,-1.0315639102119842,-4.633395781042513,-1.6333957810425126,-6.334240501167181,-2.334240501167178
15695.199407029215,-3.028396404984872,-1.0283964049848746,-4.6274397966066285,-1.627439796606629,-6.323437349838593,-2.323437349838593
15969.290995478159,-3.024907425112646,-1.0249074251126458,-4.6212793266084615,-1.6212793266084604,-6.312655942519991,-2.3126559425199917
16248.169155725951,-3.0211376534995047,-1.0211376534995034,-4.614957456398326,-1.6149574563983262,-6.301931425150201,-2.301931425150202
16531.917477603627,-3.0171261145787502,-1.0171261145787502,-4.6085139491899705,-1.6085139491899696,-6.291294944109563,-2.2912949441095636
16820.62101070521,-3.012909912452142,-1.0129099124521423,-4.601985235595658,-1.6019852355956579,-6.2807738753154,-2.280773875315397
17114.366289880007,-3.008524030677844,-1.0085240306778425,-4.595404454139931,-1.5954044541399308,-6.270392068445917,-2.2703920684459176
17413.241361170236,-3.0040011903056865,-1.0040011903056882,-4.588801534088331,-1.5888015340883308,-6.260170099465344,-2.260170099465344
17717.335808201668,-2.999371761458392,-0.9993717614583913,-4.58220331228495,-1.58220331228495,-6.250125525715607,-2.250125525715606
18026.740779034844,-2.9946637228627626,-0.9946637228627648,-4.5756336762663,-1.5756336762663006,-6.240273138871476,-2.240273138871473
18341.549013485863,-2.9899026632151937,-0.9899026632151919,-4.569113726639372,-1.5691137266393733,-6.230625212003863,-2.230625212003864
18661.85487092333,-2.9851118180698624,-0.985111818069861,-4.562661952515597,-1.562661952515598,-6.221191737846011,-2.221191737846012
18987.754358551643,-2.9803121360129845,-0.9803121360129852,-4.556294414630075,-1.5562944146300732,-6.211980656104567,-2.2119806561045667
19319.345160187688,-2.9755223681699015,-0.9755223681699032,-4.550024931605444,-1.5500249316054446,-6.202998068300394,-2.2029980683003947
19656.726665540024,-2.9707591755290763,-0.9707591755290763,-4.543865265613636,-1.5438652656136342,-6.1942484391676835,-2.1942484391676844
20000.0,-2.966037249105436,-0.9660372491054338,-4.537825304423803,-1.537825304423806,-6.185734784089821,-2.185734784089818
